{"": {"Content-Transfer-Encoding": "8bit", "Content-Type": "text/plain; charset=UTF-8", "Language": "nl", "Language-Team": "Dutch", "Last-Translator": "Martijn Faassen <faassen@startifact.com>", "MIME-Version": "1.0", "PO-Revision-Date": "2011-05-04 18:44+0200", "POT-Creation-Date": "2012-06-20 20:37+0200", "Plural-Forms": "nplurals=2; plural=(n != 1);", "Project-Id-Version": "obviel_forms 0.1", "Report-Msgid-Bugs-To": "EMAIL@ADDRESS"}, "decimal may not contain more than %1 digits after the decimal mark": [null, "Er zijn niet meer dan %1 cijfers toegestaan na de komma"], "decimal may not contain more than %1 digits before the decimal mark": [null, "Er zijn niet meer dan %1 cijfers toegestaan voor de komma"], "decimal must contain at least %1 digits after the decimal mark": [null, "Er zijn tenminste %1 cijfers nodig na de komma"], "decimal must contain at least %1 digits before the decimal mark": [null, "Er zijn tenminste %1 cijfers nodig voor de komma"], "invalid date": [null, "Ongeldige datum"], "negative numbers are not allowed": [null, "Negatieve getallen zijn niet toegestaan"], "not a decimal": [null, "Veld moet numerieke waarde bevatten"], "not a float": [null, "Veld moet numerieke waarde bevatten"], "not a number": [null, "Geen nummer"], "not an integer number": [null, "Geen geheel getal"], "this field is required": [null, "Dit veld is verplicht"], "unknown value": [null, "Ongeldige waarde"], "value must be %1 digits long": [null, "De waarde moet %1 cijfers bevatten"], "value too long": [null, "Invoer te veel karakters"], "value too short": [null, "Invoer te weinig karakters"], "{count} field did not validate": ["{count} fields did not validate", "{count} veld kon niet gevalideerd worden", "{count} velden konden niet gevalideerd worden"]}
